model,mAP50,mAP50-95,AP_small,AP_medium,AP_large,P,R
baseline,0.8971,0.7236,0.3975,0.6264,0.8068,0.8878,0.8146
baseline_s1,0.8962,0.7242,0.3834,0.6292,0.8106,0.8754,0.8214
baseline_s2,0.9048,0.7279,0.3849,0.6381,0.8171,0.8818,0.8574
simam,0.9122,0.7327,0.3994,0.6653,0.8056,0.8639,0.8406
simam_s1,0.8974,0.7249,0.3862,0.6097,0.8221,0.8429,0.8321
simam_s2,0.9105,0.7339,0.4093,0.6463,0.8134,0.8424,0.8626
p2,0.9242,0.7401,0.4189,0.6395,0.8112,0.8943,0.8626
p2_s1,0.8997,0.7272,0.3642,0.6592,0.8094,0.8767,0.8215
p2_s2,0.9082,0.7287,0.4205,0.647,0.8094,0.8562,0.8675
eiou,0.8968,0.7268,0.3927,0.6306,0.8129,0.8725,0.8594
eiou_s1,0.903,0.717,0.424,0.646,0.795,0.8814,0.8428
eiou_s2,0.9101,0.727,0.4026,0.6497,0.806,0.9015,0.8257
simam_p2,0.9107,0.7409,0.3894,0.6528,0.8243,0.8921,0.854
simam_p2_s1,0.8999,0.7273,0.3679,0.6602,0.7938,0.8683,0.863
simam_p2_s2,0.9087,0.7367,0.4105,0.635,0.8144,0.8758,0.8407
asp,0.8992,0.7265,0.3953,0.6478,0.8034,0.8674,0.8553
asp_s1,0.9123,0.7351,0.3925,0.666,0.8153,0.8801,0.871
asp_s2,0.9021,0.7256,0.3856,0.6392,0.8136,0.866,0.8427
