run,seed,best_mAP50,best_mAP50-95,last_mAP50,last_mAP50-95,sunny_mAP50,cloudy_mAP50,night_mAP50,rainy_mAP50
baseline,0,0.89983,0.73007,0.8942,0.72529,0.9388,0.8856,0.6276,0.9219
baseline_s1,1,0.90154,0.7325,0.89843,0.72765,0.9534,0.8888,0.6283,0.9361
baseline_s2,2,0.90997,0.73451,0.90193,0.72505,0.941,0.8793,0.6445,0.9471
simam,0,0.91428,0.73421,0.90674,0.72487,0.9456,0.886,0.665,0.9312
simam_s1,1,0.9032,0.73163,0.89399,0.72677,0.9493,0.8977,0.6249,0.9264
simam_s2,2,0.91601,0.74049,0.89734,0.72497,0.9502,0.8865,0.668,0.937
p2,0,0.92782,0.74509,0.90383,0.73516,0.945,0.9106,0.6464,0.954
p2_s1,1,0.90583,0.73528,0.88205,0.71766,0.9348,0.8947,0.6336,0.926
p2_s2,2,0.91159,0.7338,0.89991,0.72681,0.9516,0.89,0.6388,0.9309
eiou,0,0.90116,0.73189,0.89162,0.7206,0.9508,0.8845,0.618,0.9239
eiou_s1,1,0.90808,0.72439,0.89173,0.71296,0.9568,0.8976,0.6195,0.924
eiou_s2,2,0.91442,0.7317,0.90398,0.72233,0.9514,0.899,0.639,0.9334
simam_p2,0,0.91573,0.74823,0.91284,0.74029,0.9345,0.9048,0.6096,0.9343
simam_p2_s1,1,0.90374,0.73357,0.90127,0.72937,0.9242,0.8949,0.6274,0.9292
simam_p2_s2,2,0.91547,0.74616,0.8981,0.73198,0.943,0.9014,0.6239,0.9393
asp,0,0.90265,0.73315,0.8896,0.72199,0.9402,0.8988,0.624,0.9248
asp_s1,1,0.91662,0.74127,0.89438,0.72579,0.941,0.8962,0.6321,0.946
asp_s2,2,0.90641,0.73504,0.86303,0.70209,0.9415,0.8966,0.6054,0.9353
