model,overall_mAP50,overall_mAP50-95,overall_P,overall_R,sunny_mAP50,sunny_mAP50-95,cloudy_mAP50,cloudy_mAP50-95,night_mAP50,night_mAP50-95,rainy_mAP50,rainy_mAP50-95
pre_baseline_s0,0.8959,0.7246,0.8742,0.8326,0.9275,0.7408,0.8909,0.7547,0.6277,0.4651,0.9141,0.7434
pre_simam_s0,0.8852,0.7217,0.8052,0.8319,0.9344,0.743,0.8765,0.7336,0.6143,0.4568,0.8912,0.7394
pre_p2_s0,0.8975,0.7327,0.8842,0.8601,0.9283,0.739,0.8787,0.7402,0.6033,0.4514,0.9286,0.7798
pre_eiou_s0,0.8925,0.7249,0.8979,0.8301,0.9291,0.7385,0.8776,0.7355,0.6119,0.4504,0.928,0.7697
pre_simam_p2_s0,0.887,0.7259,0.8591,0.8295,0.9222,0.7435,0.8861,0.755,0.6215,0.461,0.9025,0.7603
pre_asp_s0,0.8863,0.7233,0.8884,0.8084,0.9289,0.7477,0.8796,0.7372,0.6055,0.4448,0.8904,0.7449
pre_baseline_s1,0.8911,0.7288,0.8916,0.8145,0.9221,0.7386,0.8688,0.7302,0.6131,0.4599,0.9165,0.7648
pre_simam_s1,0.8855,0.7179,0.8937,0.7778,0.931,0.7411,0.8786,0.7442,0.6372,0.4634,0.892,0.7438
pre_p2_s1,0.906,0.741,0.8717,0.8638,0.9175,0.7323,0.8523,0.7178,0.6367,0.4731,0.9433,0.794
pre_eiou_s1,0.8876,0.7255,0.8855,0.792,0.9282,0.7321,0.8718,0.7338,0.6172,0.4607,0.9044,0.7614
pre_simam_p2_s1,0.8942,0.7349,0.859,0.8507,0.9332,0.7397,0.8616,0.7286,0.6267,0.4711,0.9164,0.7717
pre_asp_s1,0.8954,0.7253,0.8766,0.8252,0.9171,0.7259,0.8877,0.7494,0.6627,0.4898,0.9055,0.7481
pre_baseline_s2,0.8797,0.7093,0.8546,0.8042,0.9261,0.7371,0.8672,0.735,0.6266,0.4608,0.8753,0.7186
pre_simam_s2,0.8898,0.7223,0.7868,0.8833,0.9303,0.7389,0.8675,0.728,0.6079,0.4416,0.9182,0.7653
pre_p2_s2,0.8838,0.7184,0.784,0.8483,0.9217,0.7328,0.8798,0.7494,0.5896,0.4385,0.8891,0.7384
pre_eiou_s2,0.8915,0.7174,0.8808,0.8019,0.9344,0.7416,0.8746,0.7414,0.6483,0.4701,0.901,0.743
pre_simam_p2_s2,0.9009,0.736,0.8191,0.8686,0.9324,0.7597,0.8782,0.7307,0.6319,0.47,0.9186,0.7655
pre_asp_s2,0.8931,0.7301,0.8747,0.8313,0.9207,0.7334,0.8534,0.7227,0.6215,0.4634,0.9116,0.7658
